ID,Username,Mail ID,Name,Age,Gender,Height (cm),Weight (kg),Preferred Time 1,Preferred Time 2,Goals,Experience in Gym,Workout Duration,Preferred Gym Location,Travel Frequency,Preferred Buddy Age,Preferred Buddy Gender
1,user2,pranav.6@mail.com,Vaishnavi,30,Female,163,79,6 pm,6 pm,general fitness,Pro,99,Ahmedabad,Frequent,34,Male
2,user2,divya.100@gmail.com,Sanjana,44,Male,179,47,6 pm,6 am,weight-loss,Intermediate,74,Ahmedabad,Occasionally,36,Female
3,user2,bhumika.45@gmail.com,Karthick,48,Female,152,50,10 am,6 am,muscle gain,Pro,118,Ahmedabad,Frequent,36,Female
4,user2,aishwarya.6@mail.com,Divya,61,Female,164,56,4 pm,8 am,general fitness,Beginner,98,Ahmedabad,Occasionally,40,Female
5,user2,lokesh.37@mail.com,Akshara,30,Male,179,69,8 pm,4 pm,general fitness,Beginner,76,Ahmedabad,Very Frequent,39,Male
6,user2,kavita.58@mail.com,Akash,32,Female,150,82,8 pm,12 pm,muscle gain,Beginner,113,Ahmedabad,Very Frequent,35,Male
7,user1,venkatvp2000@gmail.com,Venkat,24,Male,165,47,8 am,10 am,weight-loss,Beginner,60,Arlington,Occasionally,24,Male
8,user1,venkatvp2000@gmail.com,Venkat,24,Male,165,47,8 am,10 am,weight-loss,Beginner,60,Arlington,Occasionally,24,Male
9,user2,amarnathsivakumar98@gmail.com,Amarnath,26,Male,170,62,8 am,10 am,cardiovascular health,Beginner,90,Arlington,Occasionally,25,Female
10,user2,amarnathsivakumar98@gmail.com,Amarnath,26,Male,170,62,8 am,10 am,cardiovascular health,Beginner,90,Arlington,Occasionally,25,Female
11,user1,linda.thompson@mail.com,William Jackson,22,Male,156,71,6 am,6 pm,muscle gain,Beginner,76,Austin,Very Frequent,37,Female
12,user2,rms8244@gmail.com,Tarun,24,Male,180,78,10 am,6 am,cardiovascular health,Pro,120,Austin,Frequent,25,Female
13,user2,rms8244@gmail.com,Tarun,24,Male,180,78,10 am,6 am,cardiovascular health,Pro,120,Austin,Frequent,25,Female
14,user2,jessica.wilson@gmail.com,Susan Scott,36,Female,153,75,6 am,8 pm,weight-loss,Intermediate,65,Austin,Frequent,44,Male
15,user2,jessica.wilson@gmail.com,Mark Carter,22,Male,156,54,10 am,12 pm,flexibility mobility,Pro,74,Austin,Frequent,32,Female
16,user2,linda.thompson@mail.com,Mark Carter,30,Male,162,77,6 am,4 pm,weight-loss,Intermediate,96,Austin,Occasionally,25,Female
17,user2,elizabeth.white@yahoo.com,Joseph Hall,37,Male,155,77,6 am,4 pm,general fitness,Intermediate,120,Austin,Occasionally,29,Female
18,user1,margaret.adams@yahoo.com,John Smith,58,Male,164,83,8 pm,4 pm,flexibility mobility,Pro,55,Austin,Frequent,38,Male
19,user1,karen.nelson@outlook.com,Jennifer Moore,27,Female,168,50,8 am,8 pm,flexibility mobility,Intermediate,75,Austin,Rarely or Never,31,Male
20,user2,william.jackson@gmail.com,James Taylor,44,Female,165,75,6 pm,8 am,cardiovascular health,Beginner,88,Austin,Frequent,26,Female
21,user1,james.taylor@yahoo.com,Emily Johnson,45,Female,178,51,8 am,10 am,cardiovascular health,Beginner,106,Austin,Very Frequent,40,Female
22,user2,mary.martin@outlook.com,Elizabeth White,31,Male,163,67,8 pm,6 pm,muscle gain,Pro,119,Austin,Very Frequent,31,Male
23,user1,john.smith@gmail.com,Anthony Green,32,Male,147,45,4 pm,6 pm,flexibility mobility,Beginner,104,Austin,Rarely or Never,32,Female
24,user2,john.smith@gmail.com,Anthony Green,49,Female,173,60,8 am,4 pm,cardiovascular health,Beginner,56,Austin,Rarely or Never,40,Male
25,user1,bhumika.45@gmail.com,Anusha,54,Female,165,65,10 am,6 am,general fitness,Pro,106,Bangalore,Occasionally,26,Female
26,user1,anjana.60@orkut.com,Aditi,24,Female,155,46,6 am,6 pm,flexibility mobility,Intermediate,89,Bangalore,Occasionally,41,Female
27,user2,charles.harris@hotmail.com,Sarah Davis,57,Male,162,65,6 am,4 pm,weight-loss,Intermediate,85,Charlotte,Rarely or Never,37,Female
28,user2,barbara.king@hotmail.com,Sarah Davis,29,Female,180,78,4 pm,8 pm,cardiovascular health,Beginner,82,Charlotte,Very Frequent,38,Female
29,user1,robert.anderson@outlook.com,Michael Brown,36,Female,152,59,8 am,12 pm,weight-loss,Intermediate,82,Charlotte,Very Frequent,27,Female
30,user2,anthony.green@gmail.com,Margaret Adams,25,Male,178,83,8 am,8 am,muscle gain,Pro,90,Charlotte,Rarely or Never,28,Female
31,user2,susan.scott@mail.com,Karen Nelson,35,Male,150,45,2 pm,8 am,flexibility mobility,Intermediate,86,Charlotte,Rarely or Never,31,Male
32,user2,charles.harris@hotmail.com,Jennifer Moore,26,Male,158,85,6 pm,6 pm,muscle gain,Beginner,115,Charlotte,Rarely or Never,28,Male
33,user1,matthew.wright@outlook.com,Elizabeth White,45,Female,155,70,2 pm,8 pm,general fitness,Intermediate,45,Charlotte,Rarely or Never,40,Male
34,user2,rms8244@gmail.com,Varun,23,Male,170,60,6 am,8 am,muscle gain,Pro,120,Chennai,Rarely or Never,25,Male
35,user2,rms8244@gmail.com,Varun,23,Male,170,60,6 am,8 am,muscle gain,Pro,120,Chennai,Rarely or Never,25,Male
36,user1,rms8244@gmail.com,Sridar,61,Male,155,65,6 am,8 am,general fitness,Beginner,45,Chennai,Rarely or Never,45,Male
37,user1,rms8244@gmail.com,Sridar,61,Male,155,65,6 am,8 am,general fitness,Beginner,45,Chennai,Rarely or Never,45,Male
38,user1,akshay.8@yahoo.com,Ritikha,61,Male,176,56,2 pm,8 pm,flexibility mobility,Pro,75,Chennai,Very Frequent,45,Male
39,user2,rms8244@gmail.com,Malathy S,56,Female,145,58,6 am,8 am,cardiovascular health,Beginner,60,Chennai,Rarely or Never,45,Female
40,user2,rms8244@gmail.com,Malathy S,56,Female,145,58,6 am,8 am,cardiovascular health,Beginner,60,Chennai,Rarely or Never,45,Female
41,user1,vaishnavi.53@yahoo.com,Kavita,60,Female,145,78,8 am,6 am,weight-loss,Beginner,55,Chennai,Rarely or Never,35,Female
42,user1,nikitha.38@yahoo.com,Ashwath,33,Female,160,60,2 pm,8 am,muscle gain,Pro,75,Chennai,Very Frequent,36,Male
43,user2,mark.carter@mail.com,Susan Scott,34,Female,167,78,10 am,10 am,weight-loss,Intermediate,90,Chicago,Rarely or Never,31,Female
44,user1,matthew.wright@outlook.com,Susan Scott,52,Female,172,51,8 am,6 pm,general fitness,Beginner,74,Chicago,Frequent,28,Male
45,user1,matthew.wright@outlook.com,Patricia Walker,39,Female,180,58,2 pm,4 pm,muscle gain,Pro,107,Chicago,Rarely or Never,27,Male
46,user1,barbara.king@hotmail.com,Michael Brown,27,Male,162,75,8 pm,12 pm,cardiovascular health,Intermediate,82,Chicago,Very Frequent,44,Male
47,user1,karen.nelson@outlook.com,David Miller,25,Female,171,79,12 pm,6 am,muscle gain,Intermediate,49,Chicago,Very Frequent,40,Male
48,user1,mark.carter@mail.com,Christopher Lee,32,Female,152,81,6 pm,12 pm,flexibility mobility,Pro,88,Chicago,Frequent,45,Female
49,user2,david.miller@mail.com,Michael Brown,31,Male,172,50,8 am,10 am,flexibility mobility,Intermediate,117,Columbus,Frequent,41,Female
50,user2,elizabeth.white@yahoo.com,Michael Brown,39,Male,156,67,8 am,8 am,general fitness,Intermediate,77,Columbus,Rarely or Never,33,Female
51,user2,patricia.walker@gmail.com,Linda Thompson,23,Female,175,75,12 pm,12 pm,general fitness,Pro,97,Columbus,Rarely or Never,37,Female
52,user1,venkatvp2000@gmail.com,Ragav,21,Male,170,85,12 pm,4 pm,muscle gain,Intermediate,120,Dallas,Frequent,35,Female
53,user1,venkatvp2000@gmail.com,Ragav,21,Male,170,85,12 pm,4 pm,muscle gain,Intermediate,120,Dallas,Frequent,35,Female
54,user1,mary.martin@outlook.com,Emily Johnson,36,Female,154,68,6 pm,6 am,cardiovascular health,Pro,91,Dallas,Very Frequent,45,Female
55,user2,daniel.young@yahoo.com,Christopher Lee,61,Female,159,75,2 pm,4 pm,weight-loss,Pro,83,Dallas,Rarely or Never,33,Male
56,user1,mahima.92@gmail.com,Ramya,34,Female,168,73,6 pm,6 am,cardiovascular health,Pro,82,Delhi,Rarely or Never,34,Female
57,user2,rsitprasad001@gmail.com,Raghava Prasad S,28,Male,165,75,6 pm,8 pm,general fitness,Beginner,90,Delhi,Rarely or Never,30,Male
58,user2,rsitprasad001@gmail.com,Raghava Prasad S,28,Male,165,75,6 pm,8 pm,general fitness,Beginner,90,Delhi,Rarely or Never,30,Male
59,user2,rsitprasad001@gmail.com,Ragavi,29,Female,165,65,6 pm,8 pm,general fitness,Beginner,60,Delhi,Rarely or Never,28,Male
60,user2,rsitprasad001@gmail.com,Ragavi,29,Female,165,65,6 pm,8 pm,general fitness,Beginner,60,Delhi,Rarely or Never,28,Male
61,user2,akash.44@mail.com,Aparna,33,Female,155,46,4 pm,6 pm,flexibility mobility,Beginner,103,Delhi,Very Frequent,38,Female
62,user2,james.taylor@yahoo.com,William Jackson,30,Male,170,47,8 am,10 am,muscle gain,Beginner,111,Denver,Occasionally,28,Female
63,user1,christopher.lee@mail.com,William Jackson,33,Male,156,83,8 pm,12 pm,cardiovascular health,Intermediate,60,Denver,Frequent,33,Male
64,user1,christopher.lee@mail.com,Patricia Walker,52,Male,160,65,8 am,8 pm,general fitness,Beginner,85,Denver,Frequent,25,Female
65,user2,michael.brown@hotmail.com,Matthew Wright,57,Male,169,68,2 pm,10 am,cardiovascular health,Pro,63,Denver,Rarely or Never,33,Male
66,user1,john.smith@gmail.com,Mary Martin,31,Female,168,69,8 am,12 pm,cardiovascular health,Pro,52,Denver,Frequent,29,Male
67,user1,joseph.hall@hotmail.com,Mary Martin,58,Female,173,75,8 am,12 pm,muscle gain,Beginner,69,Denver,Occasionally,45,Female
68,user2,david.miller@mail.com,Margaret Adams,27,Male,169,45,6 pm,8 pm,weight-loss,Beginner,99,Denver,Occasionally,43,Male
69,user1,sarah.davis@outlook.com,Margaret Adams,35,Male,172,59,10 am,12 pm,cardiovascular health,Pro,88,Denver,Occasionally,42,Female
70,user2,margaret.adams@yahoo.com,Joseph Hall,43,Female,149,49,12 pm,8 pm,cardiovascular health,Beginner,59,Denver,Very Frequent,36,Female
71,user1,susan.scott@mail.com,Jennifer Moore,42,Female,158,71,6 am,10 am,weight-loss,Beginner,58,Denver,Occasionally,35,Male
72,user1,jessica.wilson@gmail.com,Charles Harris,30,Male,176,82,12 pm,12 pm,cardiovascular health,Intermediate,109,Denver,Occasionally,24,Female
73,user2,jessica.wilson@gmail.com,Anthony Green,51,Male,180,80,12 pm,12 pm,flexibility mobility,Beginner,111,Denver,Occasionally,39,Female
74,user1,james.taylor@yahoo.com,Mark Carter,52,Female,150,45,6 am,8 pm,muscle gain,Beginner,100,Fort Worth,Very Frequent,43,Female
75,user1,david.miller@mail.com,John Smith,53,Male,178,71,8 am,10 am,general fitness,Pro,98,Fort Worth,Occasionally,25,Female
76,user1,susan.scott@mail.com,Elizabeth White,57,Male,145,75,10 am,8 pm,cardiovascular health,Pro,106,Fort Worth,Frequent,29,Female
77,user1,margaret.adams@yahoo.com,Susan Scott,30,Female,179,62,10 am,6 pm,cardiovascular health,Intermediate,65,Houston,Very Frequent,27,Female
78,user2,amarnathsivakumar98@gmail.com,Suresh,28,Male,170,78,4 pm,12 pm,flexibility mobility,Pro,120,Houston,Frequent,28,Male
79,user2,amarnathsivakumar98@gmail.com,Suresh,28,Male,170,78,4 pm,12 pm,flexibility mobility,Pro,120,Houston,Frequent,28,Male
80,user1,robert.anderson@outlook.com,Sarah Davis,30,Male,165,82,10 am,6 am,cardiovascular health,Pro,53,Houston,Occasionally,41,Female
81,user1,robert.anderson@outlook.com,Mark Carter,22,Female,154,82,2 pm,10 am,flexibility mobility,Beginner,114,Houston,Frequent,39,Male
82,user1,matthew.wright@outlook.com,Margaret Adams,46,Male,180,49,6 am,12 pm,weight-loss,Beginner,87,Houston,Frequent,32,Female
83,user1,daniel.young@yahoo.com,Joseph Hall,60,Female,149,45,8 pm,8 am,muscle gain,Pro,96,Houston,Occasionally,39,Male
84,user2,daniel.young@yahoo.com,Emily Johnson,41,Female,178,71,8 pm,4 pm,muscle gain,Pro,96,Houston,Occasionally,36,Female
85,user2,mark.carter@mail.com,Elizabeth White,33,Male,174,64,12 pm,12 pm,muscle gain,Pro,65,Houston,Very Frequent,34,Male
86,user1,christopher.lee@mail.com,David Miller,44,Female,176,71,8 am,8 pm,cardiovascular health,Pro,53,Houston,Very Frequent,33,Female
87,user1,janani.67@gmail.com,Ramya,29,Female,149,55,8 pm,6 am,cardiovascular health,Pro,52,Hyderabad,Frequent,39,Male
88,user1,sanjana.81@orkut.com,Mahima,22,Female,164,77,8 am,10 am,weight-loss,Beginner,99,Hyderabad,Very Frequent,44,Male
89,user2,aditi.79@yahoo.com,Lokesh,42,Male,165,61,2 pm,10 am,muscle gain,Pro,113,Hyderabad,Occasionally,33,Female
90,user2,amarnathsivakumar98@gmail.com,Dhanush,42,Male,170,65,2 pm,6 pm,muscle gain,Intermediate,60,Hyderabad,Very Frequent,30,Male
91,user2,amarnathsivakumar98@gmail.com,Dhanush,42,Male,170,65,2 pm,6 pm,muscle gain,Intermediate,60,Hyderabad,Very Frequent,30,Male
92,user2,ramya.76@gmail.com,Akash,57,Female,156,64,8 pm,12 pm,weight-loss,Beginner,92,Hyderabad,Very Frequent,36,Female
93,user2,david.miller@mail.com,Sarah Davis,48,Female,169,84,8 pm,6 am,flexibility mobility,Pro,50,Indianapolis,Frequent,41,Male
94,user1,margaret.adams@yahoo.com,Mary Martin,30,Male,150,85,8 pm,6 am,general fitness,Intermediate,62,Indianapolis,Frequent,31,Female
95,user2,mark.carter@mail.com,John Smith,58,Male,160,78,6 pm,4 pm,muscle gain,Intermediate,100,Indianapolis,Occasionally,45,Male
96,user1,david.miller@mail.com,James Taylor,53,Female,147,69,6 am,6 am,cardiovascular health,Beginner,51,Indianapolis,Frequent,45,Female
97,user2,joseph.hall@hotmail.com,Emily Johnson,53,Female,158,59,8 pm,8 am,weight-loss,Pro,92,Indianapolis,Rarely or Never,39,Female
98,user1,margaret.adams@yahoo.com,David Miller,41,Male,165,71,10 am,10 am,general fitness,Intermediate,60,Indianapolis,Very Frequent,25,Male
99,user2,david.miller@mail.com,Barbara King,61,Female,176,77,6 am,4 pm,flexibility mobility,Beginner,119,Indianapolis,Rarely or Never,35,Female
100,user1,linda.thompson@mail.com,Barbara King,26,Female,145,66,8 am,12 pm,muscle gain,Intermediate,80,Indianapolis,Very Frequent,27,Male
101,user2,elizabeth.white@yahoo.com,William Jackson,40,Female,146,67,6 am,6 am,cardiovascular health,Beginner,75,Jacksonville,Frequent,31,Female
102,user2,john.smith@gmail.com,Matthew Wright,61,Female,174,59,8 pm,8 am,general fitness,Pro,48,Jacksonville,Rarely or Never,45,Male
103,user2,sarah.davis@outlook.com,Mark Carter,37,Male,161,45,6 pm,6 pm,cardiovascular health,Pro,75,Jacksonville,Frequent,42,Female
104,user2,susan.scott@mail.com,Mark Carter,32,Female,170,70,12 pm,12 pm,cardiovascular health,Pro,106,Jacksonville,Very Frequent,31,Female
105,user1,karen.nelson@outlook.com,Karen Nelson,25,Male,170,79,6 am,10 am,weight-loss,Intermediate,84,Jacksonville,Occasionally,38,Male
106,user1,karen.nelson@outlook.com,Karen Nelson,58,Female,175,80,10 am,12 pm,flexibility mobility,Intermediate,57,Jacksonville,Frequent,31,Female
107,user1,charles.harris@hotmail.com,Barbara King,29,Female,167,69,10 am,8 pm,muscle gain,Beginner,112,Jacksonville,Rarely or Never,34,Female
108,user1,mahima.92@gmail.com,Saranya,28,Female,145,80,6 pm,8 am,flexibility mobility,Pro,84,Jaipur,Frequent,29,Female
109,user1,tanya.79@mail.com,Divya,58,Female,153,79,10 am,12 pm,general fitness,Beginner,110,Jaipur,Rarely or Never,43,Male
110,user1,vikram.36@yahoo.com,Ashwath,34,Female,154,71,12 pm,8 pm,flexibility mobility,Beginner,87,Jaipur,Very Frequent,45,Female
111,user1,nikitha.38@yahoo.com,Aparna,37,Male,171,75,6 pm,6 am,cardiovascular health,Pro,70,Jaipur,Occasionally,29,Female
112,user1,aparna.72@yahoo.com,Anjana,22,Male,175,71,12 pm,10 am,flexibility mobility,Beginner,103,Jaipur,Frequent,27,Female
113,user1,koushik.79@gmail.com,Vaishnavi,43,Male,150,55,10 am,6 am,weight-loss,Intermediate,80,Kolkata,Occasionally,34,Male
114,user1,koushik.79@gmail.com,Tanya,28,Female,173,66,6 am,8 am,muscle gain,Pro,109,Kolkata,Frequent,39,Female
115,user2,mahima.92@gmail.com,Mahima,28,Female,178,68,12 pm,8 pm,muscle gain,Intermediate,120,Kolkata,Very Frequent,39,Female
116,user2,bhavya.26@orkut.com,Bhavya,58,Male,156,52,6 am,10 am,general fitness,Pro,48,Kolkata,Very Frequent,37,Female
117,user2,akash.44@mail.com,Aparna,30,Male,146,75,4 pm,6 pm,general fitness,Intermediate,83,Kolkata,Frequent,40,Female
118,user1,barbara.king@hotmail.com,Sarah Davis,41,Female,147,73,4 pm,6 pm,cardiovascular health,Beginner,97,Los Angeles,Frequent,29,Female
119,user2,jessica.wilson@gmail.com,Patricia Walker,56,Male,157,71,6 pm,6 pm,general fitness,Beginner,78,Los Angeles,Very Frequent,41,Female
120,user1,robert.anderson@outlook.com,Mary Martin,33,Male,170,55,2 pm,4 pm,muscle gain,Beginner,49,Los Angeles,Occasionally,31,Female
121,user2,charles.harris@hotmail.com,Karen Nelson,54,Male,158,74,6 pm,6 am,muscle gain,Pro,72,Los Angeles,Frequent,37,Female
122,user2,susan.scott@mail.com,Jennifer Moore,38,Female,171,45,8 am,6 am,general fitness,Intermediate,100,Los Angeles,Occasionally,25,Male
123,user1,robert.anderson@outlook.com,Jennifer Moore,43,Female,147,58,6 pm,6 am,muscle gain,Pro,102,Los Angeles,Rarely or Never,32,Female
124,user2,michael.brown@hotmail.com,Charles Harris,41,Male,174,53,12 pm,6 pm,weight-loss,Pro,52,Los Angeles,Very Frequent,35,Female
125,user1,akshara.42@yahoo.com,Vaishnavi,36,Male,165,85,2 pm,4 pm,flexibility mobility,Intermediate,45,Mumbai,Rarely or Never,41,Female
126,user2,archana.95@orkut.com,Ramya,51,Female,180,74,6 pm,4 pm,general fitness,Intermediate,80,Mumbai,Very Frequent,38,Male
127,user2,vikram.36@yahoo.com,Koushik,33,Male,147,72,8 pm,8 pm,weight-loss,Intermediate,55,Mumbai,Very Frequent,39,Male
128,user1,aditi.79@yahoo.com,Archana,24,Male,174,51,6 pm,10 am,muscle gain,Beginner,65,Mumbai,Occasionally,37,Male
129,user1,bhavana.15@yahoo.com,Aditi,33,Female,168,78,10 am,8 pm,weight-loss,Pro,97,Mumbai,Rarely or Never,41,Male
130,user2,mark.carter@mail.com,Sarah Davis,56,Male,177,70,8 pm,12 pm,muscle gain,Intermediate,61,New York,Occasionally,43,Male
131,user2,christopher.lee@mail.com,Robert Anderson,26,Male,160,72,6 pm,10 am,weight-loss,Pro,56,New York,Rarely or Never,39,Male
132,user2,charles.harris@hotmail.com,Jessica Wilson,38,Female,173,78,8 am,8 pm,cardiovascular health,Beginner,114,New York,Occasionally,41,Male
133,user2,joseph.hall@hotmail.com,James Taylor,48,Female,159,84,2 pm,8 am,flexibility mobility,Beginner,59,New York,Very Frequent,39,Male
134,user2,mary.martin@outlook.com,David Miller,34,Male,159,76,8 am,8 am,general fitness,Intermediate,70,New York,Rarely or Never,31,Female
135,user2,christopher.lee@mail.com,Christopher Lee,51,Male,154,83,6 pm,8 am,weight-loss,Pro,80,New York,Rarely or Never,25,Male
136,user2,joseph.hall@hotmail.com,Christopher Lee,36,Female,161,70,6 am,6 pm,cardiovascular health,Beginner,119,New York,Very Frequent,39,Male
137,user1,linda.thompson@mail.com,Charles Harris,53,Male,176,52,4 pm,10 am,weight-loss,Beginner,116,New York,Frequent,31,Male
138,user2,daniel.young@yahoo.com,William Jackson,49,Female,157,60,12 pm,6 pm,general fitness,Intermediate,113,Philadelphia,Very Frequent,41,Female
139,user2,david.miller@mail.com,Mary Martin,46,Male,146,83,6 pm,12 pm,muscle gain,Pro,50,Philadelphia,Very Frequent,30,Male
140,user2,christopher.lee@mail.com,Margaret Adams,35,Female,160,69,2 pm,10 am,muscle gain,Intermediate,90,Philadelphia,Rarely or Never,44,Female
141,user1,charles.harris@hotmail.com,Jennifer Moore,32,Male,156,63,8 am,6 am,cardiovascular health,Pro,107,Philadelphia,Very Frequent,40,Male
142,user1,john.smith@gmail.com,Jennifer Moore,28,Female,163,49,10 am,8 am,muscle gain,Intermediate,102,Philadelphia,Very Frequent,39,Female
143,user1,anthony.green@gmail.com,David Miller,37,Male,171,66,6 pm,12 pm,flexibility mobility,Pro,100,Philadelphia,Very Frequent,34,Female
144,user2,james.taylor@yahoo.com,Christopher Lee,58,Female,176,76,6 pm,12 pm,cardiovascular health,Pro,102,Philadelphia,Occasionally,31,Female
145,user2,robert.anderson@outlook.com,Anthony Green,32,Female,171,45,4 pm,6 pm,muscle gain,Pro,54,Philadelphia,Frequent,24,Male
146,user1,michael.brown@hotmail.com,William Jackson,22,Female,160,62,2 pm,8 pm,cardiovascular health,Intermediate,54,Phoenix,Frequent,40,Male
147,user2,linda.thompson@mail.com,Patricia Walker,36,Female,151,62,8 pm,4 pm,cardiovascular health,Intermediate,117,Phoenix,Frequent,36,Female
148,user2,james.taylor@yahoo.com,Joseph Hall,47,Female,147,82,12 pm,6 am,flexibility mobility,Beginner,78,Phoenix,Very Frequent,31,Male
149,user2,robert.anderson@outlook.com,Joseph Hall,47,Female,145,68,10 am,6 am,flexibility mobility,Intermediate,73,Phoenix,Rarely or Never,44,Female
150,user2,michael.brown@hotmail.com,John Smith,52,Male,163,61,8 am,6 am,cardiovascular health,Pro,108,Phoenix,Frequent,42,Female
151,user1,charles.harris@hotmail.com,John Smith,55,Male,166,53,6 pm,12 pm,muscle gain,Beginner,73,Phoenix,Frequent,43,Male
152,user2,margaret.adams@yahoo.com,Anthony Green,25,Female,169,59,2 pm,8 am,muscle gain,Beginner,62,Phoenix,Rarely or Never,30,Male
153,user2,rms8244@gmail.com,Sai,48,Female,150,67,8 pm,4 pm,flexibility mobility,Pro,60,Plano,Very Frequent,30,Male
154,user2,rms8244@gmail.com,Sai,48,Female,150,67,8 pm,4 pm,flexibility mobility,Pro,60,Plano,Very Frequent,30,Male
155,user1,saranya.30@yahoo.com,Karthick,54,Female,150,60,10 am,12 pm,muscle gain,Intermediate,102,Pune,Occasionally,42,Male
156,user2,akshay.8@yahoo.com,Aditi,46,Female,170,64,12 pm,8 am,cardiovascular health,Intermediate,51,Pune,Occasionally,38,Female
157,user2,matthew.wright@outlook.com,Robert Anderson,25,Female,178,84,12 pm,10 am,flexibility mobility,Pro,58,San Antonio,Very Frequent,32,Female
158,user2,david.miller@mail.com,Patricia Walker,30,Male,168,55,4 pm,8 pm,flexibility mobility,Intermediate,71,San Antonio,Occasionally,40,Female
159,user1,john.smith@gmail.com,Michael Brown,34,Female,157,55,4 pm,8 pm,cardiovascular health,Beginner,68,San Antonio,Occasionally,31,Female
160,user1,mary.martin@outlook.com,Linda Thompson,29,Female,151,53,6 am,8 pm,flexibility mobility,Beginner,91,San Antonio,Occasionally,28,Female
161,user1,elizabeth.white@yahoo.com,Jessica Wilson,51,Female,158,66,8 am,6 am,weight-loss,Intermediate,94,San Antonio,Rarely or Never,28,Female
162,user2,emily.johnson@yahoo.com,Jessica Wilson,58,Male,153,81,8 am,6 pm,muscle gain,Beginner,53,San Antonio,Very Frequent,31,Female
163,user1,emily.johnson@yahoo.com,James Taylor,49,Male,179,76,8 am,6 am,flexibility mobility,Beginner,86,San Antonio,Occasionally,37,Male
164,user1,jessica.wilson@gmail.com,Daniel Young,42,Male,160,83,10 am,12 pm,general fitness,Pro,108,San Antonio,Very Frequent,31,Female
165,user2,mark.carter@mail.com,Christopher Lee,42,Male,149,76,2 pm,8 am,weight-loss,Pro,78,San Antonio,Frequent,28,Female
166,user1,james.taylor@yahoo.com,Barbara King,40,Female,166,65,4 pm,12 pm,general fitness,Intermediate,66,San Antonio,Rarely or Never,24,Female
167,user1,michael.brown@hotmail.com,Anthony Green,36,Male,156,71,8 pm,6 am,general fitness,Beginner,62,San Antonio,Frequent,25,Female
168,user1,jennifer.moore@hotmail.com,Matthew Wright,50,Female,154,49,4 pm,6 pm,cardiovascular health,Pro,74,San Diego,Occasionally,32,Male
169,user2,jessica.wilson@gmail.com,Margaret Adams,57,Female,163,77,6 pm,10 am,muscle gain,Beginner,88,San Diego,Occasionally,41,Male
170,user1,charles.harris@hotmail.com,Linda Thompson,36,Male,146,83,8 am,8 pm,weight-loss,Beginner,84,San Diego,Frequent,27,Male
171,user1,mark.carter@mail.com,John Smith,61,Male,148,68,6 pm,6 pm,cardiovascular health,Pro,119,San Diego,Rarely or Never,37,Male
172,user2,mark.carter@mail.com,Christopher Lee,33,Female,169,81,2 pm,6 am,muscle gain,Intermediate,99,San Diego,Occasionally,45,Male
173,user2,robert.anderson@outlook.com,Anthony Green,51,Female,160,46,8 am,6 pm,cardiovascular health,Pro,69,San Diego,Frequent,34,Male
174,user1,james.taylor@yahoo.com,Anthony Green,46,Male,148,85,12 pm,6 am,cardiovascular health,Beginner,91,San Diego,Rarely or Never,32,Female
175,user1,david.miller@mail.com,Matthew Wright,49,Male,168,48,6 pm,8 am,cardiovascular health,Pro,116,San Francisco,Very Frequent,26,Female
176,user1,patricia.walker@gmail.com,Jessica Wilson,35,Female,155,82,6 pm,12 pm,cardiovascular health,Intermediate,70,San Francisco,Occasionally,40,Female
177,user2,mark.carter@mail.com,James Taylor,33,Male,169,79,10 am,6 am,general fitness,Pro,104,San Francisco,Occasionally,33,Female
178,user1,karen.nelson@outlook.com,Emily Johnson,58,Male,145,76,12 pm,12 pm,cardiovascular health,Pro,65,San Francisco,Very Frequent,36,Male
179,user2,william.jackson@gmail.com,David Miller,58,Female,174,54,8 am,12 pm,weight-loss,Intermediate,102,San Francisco,Very Frequent,33,Female
180,user1,robert.anderson@outlook.com,Christopher Lee,42,Female,156,65,6 am,6 pm,general fitness,Beginner,115,San Francisco,Frequent,35,Male
181,user1,emily.johnson@yahoo.com,William Jackson,27,Female,147,65,2 pm,6 pm,muscle gain,Beginner,88,San Jose,Occasionally,38,Female
182,user1,susan.scott@mail.com,Patricia Walker,40,Male,150,84,8 am,4 pm,muscle gain,Intermediate,75,San Jose,Very Frequent,24,Female
183,user2,emily.johnson@yahoo.com,Karen Nelson,27,Female,174,47,10 am,12 pm,cardiovascular health,Pro,56,San Jose,Occasionally,36,Male
184,user1,robert.anderson@outlook.com,Joseph Hall,44,Male,157,54,4 pm,8 pm,weight-loss,Beginner,83,San Jose,Occasionally,25,Female
185,user2,daniel.young@yahoo.com,Joseph Hall,48,Male,154,52,6 pm,12 pm,cardiovascular health,Pro,104,San Jose,Frequent,31,Male
186,user2,margaret.adams@yahoo.com,Jessica Wilson,36,Male,169,54,12 pm,4 pm,weight-loss,Beginner,83,San Jose,Rarely or Never,36,Female
187,user2,anthony.green@gmail.com,Elizabeth White,21,Female,175,77,6 am,8 pm,cardiovascular health,Pro,66,San Jose,Frequent,30,Female
188,user1,william.jackson@gmail.com,Barbara King,33,Male,177,60,12 pm,4 pm,muscle gain,Beginner,84,San Jose,Very Frequent,29,Female
189,user2,john.smith@gmail.com,Anthony Green,55,Male,158,52,10 am,6 am,general fitness,Beginner,82,San Jose,Frequent,38,Female
190,user2,rms8244@gmail.com,Meghana,25,Female,163,45,12 pm,8 pm,general fitness,Intermediate,90,Seattle,Occasionally,26,Male
191,user2,rms8244@gmail.com,Meghana,25,Female,163,45,12 pm,8 pm,general fitness,Intermediate,90,Seattle,Occasionally,26,Male
192,user1,daniel.young@yahoo.com,Joseph Hall,36,Female,158,60,10 am,6 am,flexibility mobility,Beginner,45,Seattle,Very Frequent,31,Female
193,user1,karen.nelson@outlook.com,John Smith,60,Female,174,84,2 pm,12 pm,weight-loss,Intermediate,110,Seattle,Rarely or Never,27,Female
194,user1,william.jackson@gmail.com,Jennifer Moore,29,Female,162,77,6 pm,8 pm,flexibility mobility,Pro,86,Seattle,Frequent,45,Female
195,user2,margaret.adams@yahoo.com,Anthony Green,24,Male,153,77,8 am,8 pm,cardiovascular health,Beginner,52,Seattle,Very Frequent,26,Female
196,user2,james.taylor@yahoo.com,William Jackson,47,Female,157,72,8 pm,6 pm,muscle gain,Beginner,99,Washington,Rarely or Never,42,Male
197,user1,elizabeth.white@yahoo.com,Michael Brown,52,Male,145,59,6 am,10 am,cardiovascular health,Beginner,78,Washington,Occasionally,36,Female
198,user1,michael.brown@hotmail.com,Michael Brown,52,Female,180,52,12 pm,12 pm,muscle gain,Intermediate,114,Washington,Rarely or Never,43,Female
199,user2,william.jackson@gmail.com,John Smith,35,Female,166,60,6 pm,12 pm,general fitness,Intermediate,46,Washington,Rarely or Never,31,Male
200,user2,joseph.hall@hotmail.com,Emily Johnson,38,Male,177,66,10 am,6 am,muscle gain,Intermediate,63,Washington,Rarely or Never,24,Female
